IMPLIED,LITERAL,PRONOUNS
0.001936326355279611,0.0009472690675397052,0.0011484300901743294
0.001004682935720331,0.0008901732436290905,0.000869552575941749
0.001936326355279611,0.0009472690675397052,0.0011484300901743294
0.0010046829510860047,0.0008901732389380126,0.0008695525945145882
0.0016284285839099724,0.001033347021015972,0.0010858777167549248
0.000955262957799469,0.0010529991283730947,0.000922251425148907
0.0027687458368960876,0.0011313434583385394,0.001035631588119317
0.002580585733276645,0.0016118656109794852,0.0008845133142083222
